epoch,train_loss,macro_f1,weighted_f1,accuracy,confusion,thresholds,auroc_immune_cold,auprc_immune_cold,f1_immune_cold,auroc_immune_hot,auprc_immune_hot,f1_immune_hot,auroc_normal,auprc_normal,f1_normal,auroc_necrotic,auprc_necrotic,f1_necrotic,mes_auroc,mes_auprc,mes_pearson
1,35.60668611526489,0.30999019691888374,0.43158647701411934,0.3812332039414751,"[[3466, 18, 5033, 121], [4, 0, 4, 7], [2019, 0, 696, 0], [362, 14, 707, 945]]","[0.05000000074505806, 0.3499999940395355, 0.05000000074505806, 0.15000000596046448]",0.4530544260231802,0.5676627565058651,0.4784319138656912,0.803871160600852,0.0033326944893245203,0.0,0.3349261170633453,0.15916081066427643,0.15204806116876024,0.8816227980684216,0.732878540878034,0.6094808126410836,0.8063133215182396,0.4447109137511456,0.4087233594991389
2,31.068606853485107,0.47935362402133497,0.7491717690616585,0.783517467900866,"[[7724, 27, 859, 28], [6, 0, 0, 9], [246, 0, 2469, 0], [1664, 55, 6, 303]]","[0.05000000074505806, 0.4749999940395355, 0.949999988079071, 0.22499999403953552]",0.8124053701344665,0.863294060703317,0.8451690556953715,0.8467130010213487,0.008057103928984342,0.0,0.9745062530787789,0.9075549810773191,0.8163332782278062,0.8745177690031327,0.6725531249006569,0.25591216216216217,0.850340449739357,0.5049654107825727,0.4776245881949954
3,28.09438854455948,0.5535117519722383,0.8036037913207275,0.8133771275007465,"[[8062, 74, 382, 120], [6, 0, 0, 9], [730, 0, 1985, 0], [1137, 41, 1, 849]]","[0.15000000596046448, 0.3499999940395355, 0.675000011920929, 0.15000000596046448]",0.8011125605979075,0.8582574210711136,0.8681419264523771,0.7781929601674016,0.01106480565614825,0.0,0.9700227749900296,0.8910012394323512,0.7810348219555381,0.8986305116823305,0.7253378646620177,0.564870259481038,0.867174537925904,0.5364972913364978,0.5087790060783387
4,27.268272757530212,0.5107609069205713,0.7741788958648589,0.7994177366378024,"[[7949, 27, 606, 56], [6, 0, 0, 9], [431, 0, 2283, 1], [1516, 33, 2, 477]]","[0.22499999403953552, 0.42500001192092896, 0.625, 0.10000000149011612]",0.7835548245185038,0.8423977670934284,0.8574973031283711,0.7945793787210721,0.022293531480534506,0.0,0.9723974328005032,0.8942212056794395,0.8144844809133072,0.8272336046232409,0.6215255976115164,0.3710618436406068,0.8024479807676529,0.4784457834918013,0.43490269964504197
5,25.132197737693787,0.5601605867106884,0.8113026604874264,0.8185279187817259,"[[7951, 117, 450, 120], [6, 0, 0, 9], [519, 0, 2196, 0], [1130, 79, 1, 818]]","[0.15000000596046448, 0.42500001192092896, 0.800000011920929, 0.17499999701976776]",0.8396238562298556,0.8840394435871787,0.8716290287217715,0.7908228084597564,0.010603768905134436,0.0,0.9734497825177253,0.905569340430245,0.8190973517344274,0.8862642524363347,0.7004792277248215,0.5499159663865546,0.8493666207190799,0.50397374112755,0.4788471132210205
6,22.720879673957825,0.5396551706876909,0.8017273278559637,0.8240519558077037,"[[8132, 14, 442, 50], [8, 0, 0, 7], [390, 0, 2325, 0], [1432, 11, 3, 582]]","[0.4000000059604645, 0.07500000298023224, 0.574999988079071, 0.05000000074505806]",0.8176429875090767,0.8747155253610772,0.8744086021505376,0.8354682011807788,0.019497529494607282,0.0,0.9768720657307352,0.9083716101163534,0.8477666362807658,0.8887497970010285,0.7236984791148976,0.4364454443194601,0.7432979017268635,0.40734731842939964,0.3464192200887684
7,22.22399115562439,0.41001052670613847,0.7013408243420305,0.7641833383099432,"[[7960, 2, 676, 0], [15, 0, 0, 0], [442, 0, 2273, 0], [2013, 1, 10, 4]]","[0.05000000074505806, 0.17499999701976776, 0.925000011920929, 0.05000000074505806]",0.7610261646316592,0.8376527341701889,0.8349066498846235,0.7244600553022943,0.002617327574709232,0.0,0.9676022706366773,0.8734159201942873,0.8011984490659148,0.9009508159517632,0.7468977551221258,0.003937007874015748,0.8002157485354208,0.41918054400973725,0.3711872815954074
8,23.709105372428894,0.42181243566612525,0.6509992996191144,0.6638548820543446,"[[7124, 15, 1392, 107], [6, 0, 0, 9], [1762, 0, 953, 0], [1146, 16, 50, 816]]","[0.32499998807907104, 0.22499999403953552, 0.375, 0.07500000298023224]",0.6175495145889971,0.7554595039184766,0.7629042621546369,0.8530652915825923,0.01895906337376689,0.0,0.7098107463675797,0.4760243890777321,0.3729941291585127,0.8826498730996173,0.6962636857540552,0.5513513513513514,0.81330411012105,0.4304813781532266,0.39936866762297807
9,22.64052242040634,0.4682275278232086,0.7493683892830928,0.7956106300388176,"[[8207, 0, 421, 10], [11, 0, 0, 4], [467, 0, 2248, 0], [1823, 0, 2, 203]]","[0.10000000149011612, 0.10000000149011612, 0.8500000238418579, 0.10000000149011612]",0.8353993143096949,0.8904952878049046,0.8573070092969811,0.8085793288991854,0.007407946552860017,0.0,0.9751059306874067,0.9029016518242492,0.8347567768288154,0.8949571411915104,0.7006272034000713,0.18084632516703786,0.7741475491885328,0.4158060185123162,0.363333720393407
10,20.323006987571716,0.4951571706576643,0.7645593183656785,0.7949387876978202,"[[8100, 79, 444, 15], [10, 0, 0, 5], [539, 0, 2176, 0], [1615, 38, 2, 373]]","[0.32499998807907104, 0.05000000074505806, 0.574999988079071, 0.05000000074505806]",0.846383203594857,0.8948546368773426,0.8570521637921913,0.7391475475176246,0.008119985258471806,0.0,0.9700934500480449,0.8963528756625238,0.815439385422522,0.8993284290863867,0.7200777206474291,0.30813713341594384,0.7399354272305092,0.41296317705530156,0.34045876842774264
11,19.3171426653862,0.5688385782653925,0.8148368356176775,0.8261421319796954,"[[8129, 53, 319, 137], [6, 1, 1, 7], [625, 0, 2089, 1], [1149, 10, 21, 848]]","[0.3499999940395355, 0.25, 0.5249999761581421, 0.07500000298023224]",0.8233832496293638,0.873019318865583,0.8765838140939235,0.7479710036619087,0.005657540975030832,0.02531645569620253,0.9683490054714115,0.8988022270842078,0.8120505344995141,0.8909604037493389,0.6913223057671013,0.5614035087719298,0.798805581537822,0.4574964022750926,0.41156252948514543
12,18.388963729143143,0.5840933081889705,0.8264003421949878,0.8265900268736937,"[[7771, 254, 526, 87], [6, 2, 0, 7], [333, 0, 2382, 0], [1043, 65, 2, 918]]","[0.30000001192092896, 0.05000000074505806, 0.7250000238418579, 0.15000000596046448]",0.8655233150178285,0.9042337779037095,0.8735877690967343,0.7860598360859926,0.003214945641123266,0.011904761904761904,0.9772647528364423,0.9168227019769151,0.8469333333333333,0.90231385861833,0.7379599328970262,0.6039473684210527,0.79467278754164,0.43770770797820086,0.40045999870696936
13,17.725790292024612,0.5105614765713635,0.7786117215790358,0.8084502836667662,"[[8138, 8, 414, 78], [10, 0, 0, 5], [454, 0, 2261, 0], [1594, 3, 0, 431]]","[0.25, 0.17499999701976776, 0.699999988079071, 0.07500000298023224]",0.7816031877095458,0.847962165331194,0.8641817988743762,0.7594748773136039,0.005224896561391795,0.0,0.9754195113851672,0.9105974789110896,0.8389610389610389,0.9005920543079504,0.6834641062272515,0.33910306845003935,0.7925492705820576,0.45769323998880634,0.39888936470140474
14,16.640034019947052,0.5747468883647218,0.8184522660635373,0.8182293221857271,"[[7820, 339, 386, 93], [6, 1, 0, 8], [449, 1, 2265, 0], [1122, 30, 1, 875]]","[0.4749999940395355, 0.07500000298023224, 0.4749999940395355, 0.05000000074505806]",0.817627598066395,0.8700370793354553,0.8672026614915442,0.7741025832648283,0.005003171114361124,0.0051813471502590676,0.9672901382689663,0.9064571465759683,0.8440469536053661,0.9108585537867463,0.73821500966372,0.5825565912117177,0.7530577435358857,0.4274134978275111,0.35384952086605276
15,16.02596616744995,0.4354770207393985,0.7190927764141899,0.7653777246939385,"[[8018, 318, 300, 2], [13, 2, 0, 0], [536, 3, 2176, 0], [1912, 59, 0, 57]]","[0.20000000298023224, 0.07500000298023224, 0.75, 0.05000000074505806]",0.7636107150813423,0.8315295111491916,0.8388345451692211,0.7393119597439155,0.002263582500760206,0.010075566750629723,0.970079656428525,0.9110168668070515,0.8383741090348681,0.9024764312989019,0.7240549241307652,0.05462386200287494,0.8150851534594704,0.4524779930831776,0.4316675624378317
16,15.570224672555923,0.4926167453728713,0.7658962311489009,0.8021051060017916,"[[8299, 1, 320, 18], [10, 0, 0, 5], [618, 0, 2097, 0], [1674, 3, 2, 349]]","[0.17499999701976776, 0.10000000149011612, 0.7749999761581421, 0.05000000074505806]",0.7907743466336075,0.8567141089641267,0.8627267529497376,0.7839125127668585,0.007176516303968113,0.0,0.964390167701102,0.8907610274115398,0.8169068952084145,0.8910878419925409,0.6739792819285344,0.29083333333333333,0.7868414999699154,0.4327786640245496,0.3899294391123509
17,15.148989170789719,0.38342261821363094,0.6630176176241144,0.6878919080322484,"[[7483, 873, 282, 0], [15, 0, 0, 0], [668, 321, 1726, 0], [1969, 51, 2, 6]]","[0.4749999940395355, 0.05000000074505806, 0.44999998807907104, 0.05000000074505806]",0.6956316537745716,0.7806220509325005,0.7972087572577639,0.4807513140522631,0.0010582866741738102,0.0,0.9517090553215525,0.8648600565595886,0.7305820105820106,0.7963722088508938,0.6073263883408477,0.0058997050147492625,0.8155138882051451,0.4663920422553312,0.43640908155980446
18,14.646853253245354,0.4338487518425687,0.7039720352748157,0.7448492087190206,"[[8296, 53, 281, 8], [6, 1, 7, 1], [1375, 0, 1340, 0], [1443, 24, 220, 341]]","[0.32499998807907104, 0.10000000149011612, 0.6000000238418579, 0.05000000074505806]",0.7573522606203213,0.835263772011694,0.8397611094240308,0.7557232892409635,0.005678424247618249,0.021505376344086023,0.851227226949698,0.7146585473223264,0.5873328950252027,0.9194930369617752,0.7711450989229327,0.2867956265769554,0.7908687102402948,0.4084027532597996,0.3609774441009439
19,14.280394285917282,0.4320855746343739,0.7245975763358837,0.7841893102418632,"[[8307, 2, 328, 1], [15, 0, 0, 0], [568, 0, 2147, 0], [1966, 9, 2, 51]]","[0.20000000298023224, 0.15000000596046448, 0.75, 0.10000000149011612]",0.7784638143958759,0.8515598946385825,0.8522622345337026,0.7893331340457863,0.006648515709496636,0.0,0.9744188360150715,0.9080492103995066,0.8270416024653313,0.8985803041375702,0.7184189289032328,0.04903846153846154,0.8218783400887226,0.46129780314085483,0.42754826057431083
20,13.938387364149094,0.4206452795046962,0.6413056191639099,0.6375783816064496,"[[7066, 1422, 21, 129], [6, 3, 0, 6], [2209, 54, 452, 0], [796, 206, 6, 1020]]","[0.17499999701976776, 0.07500000298023224, 0.625, 0.05000000074505806]",0.6746602716658778,0.7929995994310908,0.7551162169382848,0.5558827192785791,0.0012516317700078286,0.0035294117647058825,0.7924268373489145,0.6462387523871449,0.2830306825297433,0.9222759446565812,0.7741088099710864,0.6409048067860509,0.7717195747660228,0.4027705260035957,0.36620045904281917
21,13.631837725639343,0.5829411153456417,0.8305881017250707,0.8386085398626456,"[[8037, 15, 398, 188], [8, 0, 0, 7], [527, 0, 2186, 2], [1011, 4, 2, 1011]]","[0.574999988079071, 0.05000000074505806, 0.3499999940395355, 0.07500000298023224]",0.8600987128732431,0.9077589764091157,0.8821689259645464,0.7417681787609297,0.004381266958925058,0.0,0.9723507586404527,0.9098702548150168,0.824750047160913,0.9205404552659668,0.7529518490238089,0.6248454882571075,0.7771055618459991,0.4167009103672766,0.38394060075405256
22,13.336794838309288,0.3731540534815335,0.6549181844418482,0.6972977008062108,"[[7833, 697, 108, 0], [9, 3, 3, 0], [1211, 0, 1504, 0], [1877, 79, 71, 1]]","[0.550000011920929, 0.07500000298023224, 0.3499999940395355, 0.05000000074505806]",0.7520298127446677,0.8398756311742273,0.8005928045789044,0.7829908078618937,0.0030009379824017294,0.007556675062972292,0.8586991444335073,0.750648175302156,0.6834810270393092,0.8873718330425417,0.6939699419395323,0.0009857072449482504,0.870873728920177,0.5436022817590734,0.5136358807446137
23,13.313167005777359,0.5406713725227698,0.7856505708937414,0.7920274708868319,"[[8131, 247, 142, 118], [6, 0, 2, 7], [1198, 0, 1517, 0], [998, 33, 35, 962]]","[0.675000011920929, 0.05000000074505806, 0.2750000059604645, 0.07500000298023224]",0.8020537253838261,0.8632172360786632,0.8572030994676084,0.769489076551329,0.0038305388948542346,0.0,0.860816792628276,0.7556651825712648,0.6878258898209023,0.900929431658401,0.723284545067454,0.6176565008025682,0.8317053118692463,0.4734432088727987,0.45305997443077656
24,13.023288637399673,0.3779127282325411,0.6071888188953897,0.5748730964467005,"[[5597, 2779, 262, 0], [14, 1, 0, 0], [332, 283, 2100, 0], [1857, 167, 1, 3]]","[0.22499999403953552, 0.10000000149011612, 0.550000011920929, 0.05000000074505806]",0.6852579041880792,0.753178881816441,0.680983087966906,0.5360585905388238,0.0011858725742638011,0.0006163328197226503,0.9529969828181503,0.8858323391509149,0.8270972823946435,0.851538350496289,0.5383348216636458,0.0029542097488921715,0.7249517003342141,0.31980404625053915,0.305650242701032
25,12.490784645080566,0.42520638303923397,0.7209949412638492,0.7851597491788593,"[[8275, 0, 363, 0], [15, 0, 0, 0], [480, 0, 2235, 0], [2018, 0, 2, 8]]","[0.32499998807907104, 0.05000000074505806, 0.574999988079071, 0.05000000074505806]",0.714128936619438,0.7705819762988184,0.8519509935138474,0.6900729890640959,0.0018247815475004384,0.0,0.9785605426961664,0.9158773322676809,0.8410159924741298,0.8668995602729971,0.5798323016221055,0.007858546168958742,0.8166672273366263,0.4134947795207091,0.4288030016091829
26,12.198866307735443,0.43062614319254056,0.6985981813059873,0.7366378023290534,"[[8147, 50, 431, 10], [11, 0, 0, 4], [1349, 0, 1366, 0], [1610, 33, 30, 355]]","[0.17499999701976776, 0.17499999701976776, 0.7250000238418579, 0.05000000074505806]",0.6575794866539346,0.7531057111661724,0.8248038471273096,0.7488129935480656,0.00402941046605613,0.0,0.9044428731212875,0.7635817721091075,0.6014971378247468,0.9198064708437957,0.7615094634610989,0.29620358781810596,0.7918171723636205,0.35516419049588516,0.39323022956727677
27,11.820039540529251,0.5811569013720889,0.819997541129575,0.8126306360107495,"[[7516, 398, 517, 207], [8, 0, 0, 7], [347, 5, 2362, 1], [951, 63, 6, 1008]]","[0.5, 0.05000000074505806, 0.550000011920929, 0.17499999701976776]",0.8656855671894065,0.9079844231541421,0.8609392898052692,0.6625663253867423,0.0018293808526115784,0.0,0.965694544088977,0.9024354624072662,0.8435714285714285,0.9124582767712268,0.7300553373945524,0.6201168871116579,0.7998394295935278,0.44589196709296675,0.40123688918322276
28,10.854983359575272,0.19601524916038848,0.5055777014772874,0.6448193490594207,"[[8638, 0, 0, 0], [15, 0, 0, 0], [2715, 0, 0, 0], [2028, 0, 0, 0]]","[0.05000000074505806, 0.05000000074505806, 0.32499998807907104, 0.05000000074505806]",0.5555505473970017,0.6979873867528796,0.7840609966415539,0.7383952370276262,0.002331476205564293,0.0,0.7702467144029354,0.4080376854383587,0.0,0.8997633153445014,0.6901544744647219,0.0,0.7653360327540655,0.3947981856620056,0.35995274025008556
29,9.969257965683937,0.5145923434653075,0.7211634980172626,0.6799790982382801,"[[6564, 1499, 374, 201], [8, 1, 0, 6], [1319, 0, 1396, 0], [592, 209, 79, 1148]]","[0.42500001192092896, 0.07500000298023224, 0.4749999940395355, 0.05000000074505806]",0.7587286729088679,0.843210085498661,0.7667776414929035,0.7125526243678848,0.0021668608232080448,0.001160092807424594,0.8661534060843311,0.7328158386903915,0.6117440841367222,0.9269764552423705,0.7863191016443372,0.6786875554241797,0.8286395548554019,0.4607783556963489,0.4466480964243848
30,9.54215507209301,0.47430199272592116,0.7388387653158387,0.7610480740519558,"[[7951, 348, 265, 74], [14, 0, 0, 1], [811, 12, 1891, 1], [1637, 30, 8, 353]]","[0.375, 0.05000000074505806, 0.5249999761581421, 0.05000000074505806]",0.7335595131281557,0.8013874566999679,0.8347068395359823,0.6451436115885708,0.0017027028755940137,0.0,0.9565310115912958,0.8743312126399868,0.775158844025415,0.8922955991211011,0.6235169256627213,0.28734228734228734,0.7348123943615746,0.33802210605277794,0.3298450496410429
31,9.110950112342834,0.5548723181529811,0.7850895248077798,0.7774708868318901,"[[7293, 375, 760, 210], [8, 0, 0, 7], [671, 2, 2041, 1], [887, 30, 30, 1081]]","[0.6000000238418579, 0.05000000074505806, 0.32499998807907104, 0.10000000149011612]",0.8044773010465015,0.8674146845520964,0.8336286220494942,0.7096629549361034,0.00208309052704706,0.0,0.939600326426006,0.8018794452524044,0.7360259646592139,0.9284943930643059,0.7795173525314041,0.6498346859032161,0.8268854920494264,0.47287830010034165,0.448612717036712
32,8.951664090156555,0.4191801070856674,0.7151026800152802,0.7795610630038817,"[[8300, 5, 332, 1], [15, 0, 0, 0], [575, 0, 2140, 0], [2022, 0, 3, 3]]","[0.17499999701976776, 0.05000000074505806, 0.7749999761581421, 0.05000000074505806]",0.7162531784977781,0.7791087123203551,0.8491048593350383,0.7022494581869816,0.0018596327498438927,0.0,0.9658429289509625,0.9024146037771107,0.8246628131021194,0.8972737585138116,0.6590732639940164,0.002952755905511811,0.785871349491568,0.3940517886769821,0.3885255928415035
33,8.983836367726326,0.37151759142148044,0.6635180582702499,0.7188713048671245,"[[7731, 81, 826, 0], [8, 0, 7, 0], [829, 0, 1886, 0], [1628, 39, 348, 13]]","[0.7749999761581421, 0.05000000074505806, 0.22499999403953552, 0.05000000074505806]",0.8046532273157668,0.8741283402241428,0.8209620898375278,0.7849936477094388,0.005450546784052096,0.0,0.8733378128112725,0.6491208104148228,0.6523694223452092,0.9181970533571518,0.7625874590398133,0.012738853503184714,0.8432758578250381,0.4792751037992862,0.3996892253962063
34,8.65441931784153,0.4951883569235442,0.766274087601123,0.7966557181248134,"[[8106, 127, 347, 58], [14, 0, 0, 1], [469, 19, 2223, 4], [1672, 12, 1, 343]]","[0.3499999940395355, 0.05000000074505806, 0.5249999761581421, 0.05000000074505806]",0.7899067470333777,0.8567490997336268,0.8578231652468384,0.6094512119173954,0.0014091417811929073,0.0,0.9742418293925823,0.9089621287231435,0.8410896708286039,0.8920149140047775,0.6510436100653711,0.2818405916187346,0.7592709923037791,0.33760725225243854,0.3471503234574632
35,8.422656655311584,0.2582320680886857,0.5211380889445099,0.5378471185428486,"[[5884, 0, 2754, 0], [6, 0, 9, 0], [1394, 0, 1321, 0], [766, 0, 1262, 0]]","[0.800000011920929, 0.05000000074505806, 0.07500000298023224, 0.05000000074505806]",0.6331199200848747,0.7212463415921067,0.7051773729626079,0.7712079316443714,0.0035696310396451285,0.0,0.5494347460930866,0.2425719336426499,0.327750899392135,0.9242202236944564,0.7792949525405897,0.0,0.8124575942062281,0.4627811988307767,0.4126344150189766
36,8.251878395676613,0.4488009392126744,0.7326075602615675,0.7801582561958794,"[[8180, 90, 367, 1], [14, 0, 0, 1], [571, 15, 2129, 0], [1862, 12, 12, 142]]","[0.550000011920929, 0.05000000074505806, 0.375, 0.05000000074505806]",0.7643141281847874,0.8308863525884268,0.8492084090319232,0.6455621154373116,0.0019087972900199957,0.0,0.9705513809740812,0.900678579647816,0.8152402833620525,0.9094114487255829,0.712731280563724,0.13075506445672191,0.7923596273869498,0.3958467229382132,0.3916065043961257
37,8.10060116648674,0.5230451180624425,0.7641898101251728,0.7653777246939385,"[[7360, 97, 446, 735], [8, 0, 0, 7], [715, 7, 1929, 64], [1052, 1, 11, 964]]","[0.44999998807907104, 0.05000000074505806, 0.42500001192092896, 0.15000000596046448]",0.7939333186762577,0.8621492983651872,0.8282225848196703,0.521221632663229,0.001148535738360295,0.0,0.9508391607065299,0.8382890156733221,0.7563222897471084,0.88731824218159,0.5972067777785984,0.507635597682991,0.7519882587505539,0.37047509562564607,0.3350002941828292
38,8.049119740724564,0.34368777954641294,0.4958964214785896,0.45222454464019113,"[[3840, 0, 4743, 55], [5, 0, 10, 0], [1248, 0, 1467, 0], [160, 0, 1117, 751]]","[0.2750000059604645, 0.07500000298023224, 0.10000000149011612, 0.05000000074505806]",0.6010689178416415,0.744513688027604,0.5528759628536463,0.8159081284408242,0.00904069318216674,0.0,0.4706007104058893,0.17654840169088287,0.2918822124950259,0.9245445015386281,0.7835069909181097,0.5299929428369795,0.7947020381036775,0.4251639218069855,0.3780631625756481
39,9.506585493683815,0.19601524916038848,0.5055777014772874,0.6448193490594207,"[[8638, 0, 0, 0], [15, 0, 0, 0], [2715, 0, 0, 0], [2028, 0, 0, 0]]","[0.05000000074505806, 0.05000000074505806, 0.15000000596046448, 0.05000000074505806]",0.41928559700964513,0.5619945351911967,0.7840609966415539,0.8174077672321451,0.0058333156897819064,0.0,0.3091383246580088,0.1610013650382625,0.0,0.915437742123987,0.7553546248326138,0.0,0.8212881597444439,0.4590511181464758,0.3923313928761875
40,9.332199513912201,0.44610742143026905,0.734332336206577,0.787996416840848,"[[8311, 1, 287, 39], [14, 0, 0, 1], [577, 0, 2138, 0], [1917, 3, 1, 107]]","[0.07500000298023224, 0.25, 0.875, 0.07500000298023224]",0.7869693221375077,0.852212841994075,0.8542940843912217,0.7431831203447674,0.0031453582273806074,0.0,0.9785043854226961,0.9174409266409416,0.8317447967321533,0.905517685548,0.6684077755849624,0.09839080459770115,0.7808206703971732,0.4265085777439925,0.3872102780447123
41,8.83298633992672,0.4286171174981208,0.7063436195628673,0.742012541057032,"[[7693, 542, 402, 1], [15, 0, 0, 0], [529, 17, 2169, 0], [1883, 64, 3, 78]]","[0.20000000298023224, 0.05000000074505806, 0.699999988079071, 0.05000000074505806]",0.7248015698642742,0.7841854041472285,0.8202366990084231,0.5621353660663129,0.001249977779201964,0.0,0.9725624562160343,0.8959623872915128,0.8201928530913216,0.9204280250663824,0.7423074162792728,0.07403891789273849,0.8431516899413074,0.4672937959689,0.43876159404545106
42,7.97560977935791,0.4593335429338238,0.6777372581127235,0.6798297999402807,"[[6791, 95, 1232, 520], [8, 0, 0, 7], [1611, 0, 1098, 6], [697, 19, 94, 1218]]","[0.625, 0.05000000074505806, 0.15000000596046448, 0.05000000074505806]",0.6737725502172721,0.7728116385912871,0.7653987038602423,0.7199810676830332,0.0024553793140323914,0.0,0.7070205385270449,0.3589601665505099,0.4273204903677758,0.9095548926569199,0.7235480325015924,0.644614977507277,0.8162571587981423,0.45400300055766385,0.43064454143421504
43,7.159906327724457,0.35572997055084465,0.6344330529649986,0.6914004180352344,"[[7362, 1, 1275, 0], [15, 0, 0, 0], [815, 0, 1900, 0], [1983, 0, 45, 0]]","[0.05000000074505806, 0.05000000074505806, 0.949999988079071, 0.05000000074505806]",0.6139533728840794,0.6601000114240836,0.7826502950087705,0.7723837281717858,0.00267762039016149,0.0,0.9182072329257837,0.7584503173584958,0.6402695871946082,0.8701036040819103,0.6426874013456666,0.0,0.85440931368527,0.5065498356456363,0.4892515098732386
44,7.041120111942291,0.5079952967027218,0.7476543805873124,0.7602269334129591,"[[7750, 1, 236, 651], [9, 0, 0, 6], [1468, 0, 1247, 0], [795, 4, 42, 1187]]","[0.4749999940395355, 0.05000000074505806, 0.375, 0.20000000298023224]",0.7467666476786491,0.805525781742247,0.8306538049303323,0.676272326433002,0.003488472837376455,0.0,0.822222934892564,0.7197466623498083,0.5882075471698113,0.9064045481485801,0.7080501092809061,0.6131198347107438,0.8794764710065256,0.5471463012960267,0.5080461029603858
45,6.742752894759178,0.3777288001607769,0.6565050833661186,0.6967005076142132,"[[7699, 551, 388, 0], [13, 2, 0, 0], [1061, 54, 1600, 0], [1875, 89, 32, 32]]","[0.4000000059604645, 0.07500000298023224, 0.5, 0.05000000074505806]",0.7167368206272742,0.7961794193426439,0.7984029866224204,0.6750766011508856,0.002143065169798615,0.005625879043600563,0.8928776645608985,0.7672532816626209,0.675818373812038,0.9217769705821524,0.7566154300915524,0.031067961165048542,0.8045963860034899,0.46104118950228284,0.4113199236714332
46,6.62386092543602,0.29770449413828626,0.5893966706531506,0.6672887429083308,"[[8095, 0, 543, 0], [15, 0, 0, 0], [1871, 0, 844, 0], [1948, 0, 80, 0]]","[0.4000000059604645, 0.05000000074505806, 0.3499999940395355, 0.05000000074505806]",0.6542825449121115,0.7483422511114828,0.787183351971605,0.6721321276436739,0.0019531207828596352,0.0,0.6783308272050869,0.49539037526366925,0.4036346245815399,0.9060894226084638,0.6917655700549873,0.0,0.7568294250534687,0.29784071216216446,0.32245524496634076
47,6.472883358597755,0.3687114981219377,0.6514555809748935,0.7079725291131681,"[[7932, 69, 637, 0], [15, 0, 0, 0], [1200, 23, 1492, 0], [1946, 1, 21, 60]]","[0.20000000298023224, 0.05000000074505806, 0.574999988079071, 0.05000000074505806]",0.7079125750214041,0.7940419513186863,0.8040139881404896,0.5837730114839449,0.001318664037937153,0.0,0.9027703277864015,0.7115470053104863,0.6133607399794451,0.8999975449269688,0.7036869048025683,0.05747126436781609,0.8148892334957908,0.4503037162096157,0.4324248195762204
48,6.065330736339092,0.3682490533174005,0.6607179406878935,0.7274559570020902,"[[8291, 1, 346, 0], [15, 0, 0, 0], [1280, 0, 1435, 0], [1966, 6, 37, 19]]","[0.17499999701976776, 0.05000000074505806, 0.75, 0.05000000074505806]",0.6860180453320183,0.7546093859283355,0.8212976721149083,0.7539396656951398,0.0045200094821951095,0.0,0.8823201143904866,0.7513531657746342,0.6331347893227444,0.8954979078960702,0.6832509367542762,0.018563751831949193,0.7877034958455723,0.3860775923088767,0.3804481045300189
49,5.869269892573357,0.4614521905092021,0.7339785005661839,0.7681397432069275,"[[7871, 195, 547, 25], [15, 0, 0, 0], [502, 33, 2176, 4], [1749, 7, 29, 243]]","[0.5249999761581421, 0.05000000074505806, 0.4000000059604645, 0.05000000074505806]",0.7859776459160044,0.8471079174767108,0.8384553928095873,0.7030017686769798,0.0018950057949509832,0.0,0.9494759200473534,0.856159396481704,0.7960490214011341,0.8990230414242824,0.6446658770361,0.21130434782608695,0.7553462205374774,0.30424497930017086,0.33151144434801405
50,5.478326685726643,0.29472312460420474,0.5830937091545498,0.6590773365183636,"[[7984, 5, 649, 0], [15, 0, 0, 0], [1871, 1, 843, 0], [2000, 0, 26, 2]]","[0.10000000149011612, 0.05000000074505806, 0.44999998807907104, 0.05000000074505806]",0.5937880812671578,0.6805856472362921,0.7786229763994539,0.6752559599432031,0.0017119597187211584,0.0,0.8477410447942622,0.5617260626185278,0.3982990786676116,0.8899835362629035,0.6773523319789432,0.0019704433497536944,0.8342137082437628,0.4412663779803003,0.44628844654676825
51,5.312433905899525,0.3960819074769721,0.6850884282455942,0.7437294714840251,"[[8265, 28, 332, 13], [15, 0, 0, 0], [1088, 0, 1627, 0], [1885, 3, 69, 71]]","[0.2750000059604645, 0.05000000074505806, 0.6499999761581421, 0.05000000074505806]",0.7708012466494811,0.8402168742210144,0.8310291086420994,0.7055825424108811,0.0020879481992501802,0.0,0.8894035000964693,0.7691662096729638,0.6860636727809404,0.8559365097293764,0.5460109056303114,0.06723484848484848,0.894293172954375,0.5430062542973191,0.5172805688057259
52,5.192122742533684,0.3633906969207154,0.6442504283190433,0.7013287548521947,"[[7684, 0, 954, 0], [15, 0, 0, 0], [1042, 0, 1673, 0], [1950, 0, 40, 38]]","[0.17499999701976776, 0.05000000074505806, 0.42500001192092896, 0.05000000074505806]",0.6859952592243954,0.7682893464317389,0.7950747581354441,0.7212266148519044,0.0020376268305089197,0.0,0.9072073558614175,0.6853606580712062,0.6217019695280565,0.9002306033615243,0.7034937715553737,0.036786060019361085,0.8087296449454919,0.37799081490748,0.4027900174044673
